"","V1","V2","V3","V4","V5","V6","V7","V8"
"1",255.6009255,33.01513929,3.05,88.69,481.61,3978.36,0.463237274,897.3553274
"2",249.675412,31.85233383,3.25,88.19,467.14,3832.02,0.464821533,926.0735255
"3",250.5481621,30.89918714,3.34,88.3,445.77,3635.96,0.466405792,1042.798676
"4",242.7623131,34.44243529,3.56,88.21,450.91,3681.69,0.467039496,992.7135602
"5",250.2266226,37.08699624,4.01,87.45,456.5,3758.37,0.467356347,1012.170121
"6",249.6065107,38.84827246,4.25,87.14,444.27,3624.96,0.468940606,1081.093764
"7",223.2402728,39.76107236,4.26,85.96,458.26,3764.5,0.470208013,1048.666152
"8",214.0993645,37.70854537,4.47,85.73,475.49,3913.42,0.472109124,1041.641305
"9",207.8752787,35.6471288,4.73,84.76,462.71,3843.19,0.473376531,1114.003857
"10",198.7114033,35.92782122,4.76,84.08,472.35,3908.12,0.473693383,1142.218314
"11",205.3948312,37.40576303,5.29,84.27,453.69,3739.23,0.474327086,1157.049582
"12",206.3824168,35.9224535,5.45,86.12,459.27,3834.44,0.474327086,1184.561966
"13",202.5009758,36.97943799,5.53,88.03,470.42,3843.86,0.476228197,1128.409179
"14",203.6493311,37.93667935,5.92,87.25,487.39,4011.05,0.478129307,1173.327885
"15",209.3451735,36.32338912,5.98,86.03,500.71,4157.69,0.479713566,1310.129633
"16",211.2744104,38.00654354,6.05,82.62,514.71,4321.27,0.481297825,1256.254488
"17",211.6418841,38.241707,6.01,82.18,533.4,4465.14,0.48224838,1276.183589
"18",216.6487133,35.57287955,6,82.23,544.75,4556.1,0.483198935,1313.598984
"19",226.9150098,33.31136111,5.85,82.19,562.06,4708.47,0.483198935,1231.441165
"20",218.9224568,35.22780849,5.74,84.25,561.88,4610.56,0.484466342,1193.224485
"21",232.587885,36.38778688,5.8,85.23,584.41,4789.08,0.485416898,1274.304246
"22",240.9938459,34.64881168,5.76,85.23,581.5,4755.48,0.487001157,1295.367817
"23",249.7443134,36.25634126,5.8,86.18,605.37,5074.49,0.486684305,1307.189974
"24",263.9609521,39.25218435,5.6,86.37,615.93,5117.12,0.486367453,1298.079752
"25",270.1161366,39.19699324,5.56,86.8,636.02,5395.3,0.489219119,1241.658397
"26",268.255801,38.62239208,5.22,86.79,640.43,5485.62,0.490803378,1283.350144
"27",265.7753535,42.50755869,5.31,86.83,645.5,5587.14,0.493338192,1331.221519
"28",290.4190585,45.9667706,5.22,86.68,654.17,5569.08,0.495239302,1285.227388
"29",295.5177561,42.57705396,5.24,86.79,669.12,5643.18,0.496189858,1294.137089
"30",284.6083807,41.79184638,5.27,87.1,670.63,5654.63,0.496506709,1285.974888
"31",288.7654269,43.34930779,5.4,87.15,639.95,5528.91,0.497457265,1313.709469
"32",296.2986377,44.86073531,5.22,86.53,651.99,5616.21,0.49840782,1245.193449
"33",297.4929273,49.67931943,5.3,86.84,687.33,5882.17,0.499992079,1304.148235
"34",259.8039059,52.61805462,5.24,87.38,705.27,6029.38,0.501576338,1394.066593
"35",255.279386,49.90170219,5.31,86.98,757.02,6521.7,0.502526893,1367.527198
"36",257.1626887,52.91153117,5.29,87.49,740.74,6448.27,0.502526893,1333.03174
"37",268.0950313,53.09330359,5.25,88.23,786.16,6813.09,0.504111152,1284.576056
"38",280.5432028,47.94716403,5.19,89.73,790.82,6877.74,0.50569541,1273.471171
"39",305.875921,45.60023932,5.39,90.58,757.12,6583.48,0.506962817,1333.45257
"40",313.3631977,42.3526735,5.51,90.79,801.34,7009,0.507596521,1347.897657
"41",319.8399216,45.29424406,5.5,89.48,848.28,7331,0.507279669,1345.878996
"42",304.7734999,41.77590309,5.56,89.17,885.14,7672.8,0.507913373,1359.387177
"43",281.1633147,43.1122456,5.52,90.12,954.31,8222.6,0.508547076,1359.259191
"44",267.5897549,44.62212069,5.54,91.66,899.47,7622.4,0.509497632,1246.990277
"45",255.2104847,44.37756187,5.54,91.8,947.28,7945.3,0.510765039,1367.604999
"46",250.754866,47.256346,5.5,92.27,914.62,7442.1,0.512032446,1433.537656
"47",265.4308469,45.11937237,5.52,93.79,955.4,7823.1,0.511715594,1374.996491
"48",254.5903728,41.17245619,5.5,96.76,970.43,7908.3,0.51108189,1377.975632
"49",246.000675,36.60674167,5.56,99.16,980.28,7906.5,0.512032446,1286.900044
"50",247.4246356,33.95635182,5.51,97.66,1049.34,8545.72,0.512983001,1318.356085
"51",240.1210958,31.81446738,5.49,97.25,1101.75,8799.81,0.513933556,1390.033404
"52",235.0912996,32.88697216,5.45,97.07,1111.75,9063.37,0.514884111,1348.972165
"53",236.1477865,33.52285937,5.49,97.78,1090.82,8899.95,0.515834667,1333.090109
"54",231.1179902,31.00200877,5.56,99.92,1133.84,8952.02,0.51646837,1356.993259
"55",232.4271153,31.11121592,5.54,100.36,1120.67,8883.29,0.517102074,1339.55956
"56",202.2483376,30.46836481,5.55,102.11,957.28,7539.07,0.517735777,1227.544715
"57",193.3371004,32.67275058,5.51,100.37,1017.01,7842.62,0.518369481,1373.361326
"58",200.7554757,30.55279605,5.07,97.38,1098.67,8592.1,0.519636888,1434.157498
"59",209.896384,27.70866516,4.83,97.07,1163.63,9116.55,0.519636888,1386.234199
"60",204.912522,24.09554819,4.68,96.16,1229.23,9181.43,0.519320036,1382.052669
"61",195.0366663,26.22109042,4.63,96.21,1279.64,9358.83,0.520587443,1950.298976
"62",179.6716722,25.22150763,4.76,97.24,1238.33,9306.58,0.521221147,1954.565933
"63",175.0552838,31.3652843,4.81,98.44,1286.37,9786.16,0.522805405,2108.550418
"64",177.5357313,37.70217505,4.74,98.13,1335.18,10789.04,0.526607627,2003.44588
"65",171.4494482,38.69840491,4.74,97.88,1301.84,10559.74,0.526607627,1980.166825
"66",170.0025205,39.63966698,4.76,98.44,1372.71,10970.8,0.526607627,2068.548645
"67",158.3122634,45.49891028,4.99,98.76,1328.72,10655.15,0.528191885,2060.357671
"68",172.0006587,48.06034887,5.07,97.64,1320.41,10829.28,0.529459292,2001.247537
"69",180.6362907,53.68139387,5.22,97,1282.71,10336.95,0.531994107,2171.732179
"70",178.1788103,50.97979757,5.2,96.6,1362.93,10729.86,0.532944662,2244.074328
"71",171.19681,56.79450768,5.42,96.81,1388.91,10877.81,0.533261514,2235.939805
"72",169.9565863,58.72749832,5.3,96.71,1469.25,11497.12,0.533261514,2225.633162
"73",180.3836525,59.5208745,5.45,96.53,1394.46,10940.53,0.534845772,2127.687621
"74",185.7579554,65.31316438,5.73,97.92,1366.42,10128.31,0.53801429,2206.371552
"75",190.9714885,65.73566589,5.85,98.52,1498.58,10921.92,0.542450215,2357.793299
"76",197.1037058,57.0243741,6.02,98.98,1452.43,10733.91,0.542767066,2191.879295
"77",200.8703113,67.17896278,6.27,101.32,1420.6,10522.33,0.54340077,2260.668347
"78",186.9522449,71.95580379,6.53,100.54,1454.6,10447.89,0.546252436,2342.457018
"79",169.4972441,68.73772214,6.54,100.74,1430.83,10521.98,0.547519843,2263.122118
"80",167.8665796,73.57110405,6.5,101.28,1517.68,11215.1,0.547519843,2230.022218
"81",180.4525538,80.46669456,6.52,102.32,1436.51,10650.92,0.550371509,2292.060883
"82",173.6083561,79.05730951,6.51,103.89,1429.4,10971.14,0.551322064,2338.496254
"83",177.1912247,81.62433749,6.51,104.4,1314.95,10414.49,0.551638916,2329.122662
"84",185.9646593,62.75928817,6.4,103.28,1320.28,10787.99,0.551322064,2328.380681
"85",175.4227575,63.97868037,5.98,103.74,1366.01,10887.36,0.554807433,2295.129184
"86",167.4531717,68.06286246,5.49,104.58,1239.94,10495.28,0.557025396,2288.804578
"87",164.3755794,63.45438194,5.31,106.29,1160.33,9878.78,0.558292803,2385.221793
"88",158.6108358,65.63223824,4.8,107.07,1249.46,10734.97,0.560510765,2212.159228
"89",163.8703031,69.90707871,4.21,106.92,1255.82,10911.94,0.563045579,2232.720258
"90",170.2321915,69.61783936,3.97,107.71,1224.38,10502.4,0.563996134,2207.490799
"91",186.6536725,64.02589208,3.77,108.02,1211.23,10522.81,0.562411876,2129.179633
"92",182.7492644,65.3184729,3.65,106.16,1133.58,9949.75,0.562411876,2137.559185
"93",172.3451653,63.51253928,3.07,106.59,1040.94,8847.56,0.56494669,2156.055393
"94",160.6319411,52.89163415,2.49,106.87,1059.78,9075.14,0.563045579,2250.642772
"95",162.561178,47.41355858,2.09,107.38,1139.45,9851.56,0.562095024,2152.323826
"96",160.1496319,47.35572257,1.82,106.95,1148.08,10021.57,0.559877062,2068.066361
"97",160.0577635,49.54298923,1.73,108.07,1130.2,9920,0.561144469,2406.085862
"98",160.1955661,52.01325593,1.74,108.74,1106.73,10106.13,0.563362431,2419.497385
"99",168.6933954,61.23280018,1.73,108.48,1147.39,10403.94,0.566530948,2586.10241
"100",171.3575797,65.19794427,1.75,108.24,1076.92,9946.22,0.569699466,2596.212271
"101",176.6400142,64.70442202,1.75,106.72,1067.14,9925.25,0.569699466,2653.16638
"102",185.3675145,60.71708963,1.75,105.5,989.82,9243.26,0.570016318,2734.377099
"103",209.0925353,62.20129665,1.73,104.08,911.62,8736.59,0.570650021,2808.748556
"104",208.2197853,65.02242575,1.74,105.31,916.07,8663.5,0.572551132,2647.327879
"105",208.2197853,68.8427669,1.75,105.81,815.28,7591.93,0.573501687,2810.369447
"106",200.0894297,66.910215,1.75,106.57,885.76,8397.03,0.574452243,2898.67827
"107",210.2179235,59.5009007,1.34,105.22,936.31,8896.09,0.574452243,2883.012536
"108",208.2427524,67.00491832,1.24,104.29,879.82,8341.63,0.573184835,2797.745909
"109",208.6735963,71.79298061,1.24,102.92,855.7,8053.81,0.57571965,2890.718446
"110",209.6131391,77.15050087,1.26,103.25,841.15,7891.08,0.580155574,2921.077958
"111",210.2220808,71.01417474,1.25,103.11,848.18,7992.13,0.583640944,3057.490225
"112",221.7088613,60.17736802,1.26,102.1,916.92,8480.09,0.582373537,2991.355872
"113",232.412651,59.4997387,1.26,98.46,963.59,8850.26,0.581422981,3085.71151
"114",229.7749783,63.52737536,1.22,98.45,974.5,8985.44,0.582056685,3109.543224
"115",214.0320525,65.83292847,1.01,99.52,990.31,9233.8,0.582690388,3128.982527
"116",208.2186743,68.94045224,1.03,100.87,1008.01,9415.82,0.584908351,2877.481653
"117",231.6996483,61.95312829,1.01,99.77,995.97,9275.06,0.586809461,3201.824176
"118",268.9878473,65.07869793,1.01,97.48,1050.71,9801.12,0.586175758,3409.505221
"119",279.7210856,65.20067155,1,96.78,1058.2,9782.46,0.584591499,3306.986134
"120",283.1853661,65.60963276,0.98,95.11,1111.92,10453.92,0.583957795,3468.960551
"121",300.8987523,67.62875807,1,93.75,1131.13,10488.07,0.586809461,3379.926295
"122",316.5518102,67.50016504,1.01,94.42,1144.94,10583.92,0.589977979,3530.445706
"123",360.6753604,73.19517793,1,95.67,1126.21,10357.7,0.5937802,3746.916403
"124",363.5045493,74.55052321,1,96.37,1107.3,10225.57,0.59568131,3607.502258
"125",347.8709798,83.06386006,1,98.26,1120.68,10188.45,0.59916668,3587.248051
"126",320.2296963,78.20394311,1.03,97.59,1140.84,10435.48,0.60106779,3739.294629
"127",289.785314,82.81492627,1.26,96.68,1101.72,10139.71,0.600117235,3716.054652
"128",225.7900365,91.88436411,1.43,96.75,1104.24,10173.92,0.600434087,3491.242633
"129",206.447103,91.34849213,1.61,96.19,1114.58,10080.27,0.601701494,3773.346128
"130",193.4337093,101.8551094,1.76,95.04,1130.2,10027.47,0.604870012,3902.960926
"131",195.8176755,89.62921166,1.93,92.4,1173.82,10428.02,0.605186863,4050.338812
"132",198.59095,81.4844389,2.16,90.9,1211.92,10783.01,0.602968901,4030.032368
"133",195.6647955,90.85734731,2.28,91.59,1181.27,10489.94,0.604236308,3843.941799
"134",197.5892468,94.00476474,2.5,91.77,1203.6,10766.23,0.607721677,3882.042794
"135",233.1805307,107.5558395,2.63,91.68,1180.59,10503.76,0.612474454,4207.725928
"136",228.7645265,108.1909193,2.79,92.94,1156.85,10192.51,0.616593527,4136.071156
"137",233.462471,103.1317391,3,93.19,1191.5,10467.48,0.615959823,4037.069616
"138",254.7424019,118.3619534,3.04,94.3,1191.33,10274.97,0.616276675,4076.340454
"139",253.3478115,124.9993914,3.26,94.92,1234.18,10640.91,0.619128341,3947.529456
"140",230.4269317,135.4686082,3.5,93.94,1220.33,10481.6,0.622296858,3968.303105
"141",212.0155233,135.6473122,3.62,94.5,1228.81,10568.7,0.629901301,4230.312304
"142",211.1669188,129.4645462,3.78,95.6,1207.01,10440.07,0.631168708,4187.703398
"143",210.9000895,123.8773525,4,95.56,1249.48,10805.87,0.62609908,4209.52672
"144",216.542872,126.9771258,4.16,94.38,1248.29,10717.5,0.623564265,4195.768246
"145",214.0090877,138.3373968,4.29,93.5,1280.08,10864.86,0.628317042,4164.515752
"146",214.3656466,134.0079128,4.49,93.65,1280.66,10993.41,0.629584449,4209.30723
"147",212.714072,136.9427889,4.59,94.22,1294.87,11109.32,0.633069818,4610.171476
"148",208.9024386,150.8574958,4.79,93.95,1310.61,11367.14,0.638456298,4414.936376
"149",217.3556872,148.6642906,4.94,92.28,1270.09,11168.31,0.641624816,4712.027655
"150",216.5039014,148.7565317,4.99,93.73,1270.2,11150.22,0.642892223,4745.809381
"151",217.2517192,157.5051856,5.24,93.7,1276.66,11185.68,0.644793333,4547.374544
"152",203.8436635,154.9976348,5.25,93.01,1303.82,11381.15,0.64606074,4562.840397
"153",199.3070147,134.6161989,5.25,92.63,1335.85,11679.07,0.642892223,4814.789969
"154",217.8859656,126.4458875,5.25,92.43,1377.94,12080.73,0.639406854,4869.389678
"155",244.0000393,126.052654,5.25,91.31,1400.63,12221.93,0.638456298,4996.837486
"156",243.3075955,129.7190369,5.24,90.24,1418.3,12463.15,0.639406854,4929.22182
"157",255.8673795,115.4251426,5.25,91.44,1438.24,12621.69,0.64135866,4828.282115
"158",278.038611,123.84043,5.26,91.22,1406.82,12268.63,0.644790165,4881.332388
"159",276.9598142,129.2101507,5.26,91.31,1420.86,12354.35,0.650661428,5271.383548
"160",270.3922953,137.7496356,5.25,90.37,1482.37,13062.91,0.654888231,5122.560726
"161",283.2062432,138.0964658,5.25,89.99,1530.62,13627.64,0.658890068,5251.59022
"162",302.8293275,144.7208395,5.25,89.89,1503.35,13408.62,0.660166981,5333.566473
"163",313.476252,154.2030489,5.26,88.51,1455.27,13211.99,0.659999049,5363.208666
"164",309.0065292,147.7433254,5.02,88.47,1473.99,13357.74,0.658788676,5243.088345
"165",347.5615591,159.4496903,4.94,87.2,1526.75,13895.63,0.660604236,5483.277652
"166",358.4028425,169.2714091,4.76,85.32,1549.38,13930.01,0.662017395,5865.594316
"167",389.0151753,184.8728151,4.49,84.03,1481.14,13371.72,0.665949526,5983.175136
"168",423.0807407,183.2203572,4.24,84.42,1468.36,13264.82,0.665502765,5592.951703
"169",461.7152103,184.0682827,3.94,83.9,1378.55,12650.36,0.668810697,5919.754336
"170",508.2158936,189.1978722,2.98,82.75,1330.63,12266.39,0.670752998,6029.930748
"171",495.6908849,200.0727841,2.61,81.49,1322.7,12262.89,0.676567228,6294.963718
"172",482.7913409,213.436954,2.28,81.26,1385.59,12820.13,0.680670458,6533.728518
"173",489.0892668,243.2771039,1.98,81.88,1400.38,12638.32,0.686402307,6334.403675
"174",552.4721493,261.2299835,2,82.4,1280,11350.01,0.693319181,6504.726106
"175",554.1492765,261.158714,2.01,81.91,1267.38,11378.02,0.696959807,6703.548713
"176",471.0673568,231.9612805,2,83.56,1282.83,11543.96,0.694177849,5985.902956
"177",433.383193,206.2179746,1.81,85.33,1166.36,10850.66,0.693217788,6109.889084
"178",338.7849018,152.5247627,0.97,90.14,968.75,9325.01,0.686215364,5716.203919
"179",329.1365274,115.2156892,0.39,91.08,896.24,8829.04,0.673072353,4911.669346
"180",318.8142288,84.93181266,0.16,89.55,903.25,8776.39,0.66611112,4680.65472
"181",364.7179662,91.26297662,0.15,90.47,825.88,8000.86,0.669010314,4182.12727
"182",341.2716178,89.50095332,0.22,92.92,735.09,7062.93,0.672337257,4132.788006
"183",333.6578485,100.5938881,0.18,93.46,797.87,7608.92,0.673972212,4384.061519
"184",374.4664198,107.1474207,0.15,91.27,872.81,8168.12,0.675654695,4260.502418
"185",422.3550526,122.6677912,0.18,88.7,919.14,8500.33,0.677606502,4327.1932
"186",445.1081713,142.9311285,0.21,88.35,919.32,8447,0.683427069,4642.302556
"187",398.0887616,134.405465,0.16,87.97,987.48,9171.61,0.682343436,4823.530639
"188",408.957381,147.9181725,0.16,86.75,1020.62,9496.28,0.68387383,4513.665881
"189",349.0520273,138.8525262,0.15,85.98,1057.08,9712.28,0.68430158,5065.142757
"190",354.864809,149.666486,0.12,84.75,1036.19,9712.73,0.684960631,5249.140331
"191",370.7071893,155.3978535,0.12,84.17,1095.63,10344.84,0.685445414,5223.900339
"192",379.2993695,151.7014451,0.12,84.11,1115.1,10428.05,0.684238209,5178.882255
"193",358.9666102,158.3556353,0.11,84.38,1073.87,10067.33,0.686576575,4949.715071
"194",344.6607407,156.0026963,0.13,85.16,1104.49,10325.26,0.686747675,5016.603326
"195",348.9493275,167.5648583,0.16,84.68,1169.43,10856.63,0.689567656,5514.047915
"196",357.63868,178.5874931,0.2,84.22,1186.69,11008.61,0.690765355,5301.154894
"197",349.0513711,163.7299937,0.2,86.74,1089.41,10136.63,0.691300835,5180.761379
"198",348.5139945,164.0514927,0.18,87.36,1030.71,9774.02,0.690625941,5364.051363
"199",370.9757683,159.8432428,0.18,85.85,1101.6,10465.94,0.690771692,5474.665945
"200",379.4622109,160.928533,0.19,84.96,1049.33,10014.72,0.691725416,5267.548211
"201",390.2312168,160.6556149,0.19,83.95,1141.2,10788.05,0.692127818,5665.7603
"202",427.1761323,167.6045154,0.19,81.26,1183.26,11118.49,0.692989655,6009.575406
"203",459.961136,173.7859578,0.19,81.21,1180.55,11006.02,0.693281158,5996.078017
"204",483.755863,188.714144,0.18,81.7,1257.64,11577.51,0.694472521,5876.762747
"205",511.104867,193.3070873,0.17,80.91,1286.12,11891.93,0.697780453,5853.30716
"206",512.0524677,200.974708,0.16,80.24,1327.22,12226.34,0.701221464,5988.780191
"207",498.7398132,220.807182,0.14,79.88,1325.83,12319.73,0.708059125,6657.791279
"208",501.4688317,233.93434,0.1,78.83,1363.61,12810.54,0.712618621,6451.081941
"209",498.7651078,217.4428595,0.09,78.99,1345.2,12569.79,0.715970913,6577.300233
"210",499.7727759,212.9653405,0.09,78.96,1320.64,12414.34,0.715204132,6563.818268
"211",501.8270828,218.5548767,0.07,78.43,1292.28,12143.24,0.715837835,6552.478596
"212",501.4237008,201.0947575,0.1,78.86,1218.89,11613.53,0.717811822,6496.895116
"213",490.9089548,205.5164963,0.08,80.98,1131.42,10913.38,0.718901792,6583.942794
"214",446.016027,204.4863329,0.07,81.47,1253.3,11955.01,0.717418926,6450.933631
"215",428.8252245,215.4017119,0.08,81.79,1246.96,12045.68,0.716813739,6495.68591
"216",420.0461048,215.6478914,0.07,82.1,1257.6,12217.56,0.715045706,6250.28139
"217",441.7327614,223.2483857,0.08,81.82,1312.41,12632.91,0.718192044,6021.464483
"218",461.5559876,233.8120361,0.1,80.5,1365.68,12952.07,0.721354224,6334.990209
"219",496.2904752,245.7912876,0.13,81.22,1408.47,13212.04,0.726832591,6675.556932
"220",529.4216015,236.9286207,0.14,81.56,1397.91,13213.63,0.729028374,6300.353922
"221",520.9254559,218.9970475,0.16,83.02,1310.33,12393.45,0.728172874,6424.97877
"222",522.3291925,192.8054479,0.16,84.19,1362.16,12880.09,0.727105084,6299.822415
"223",609.4467555,206.8423247,0.16,83.64,1379.32,13008.68,0.725920058,6162.507436
"224",622.9135498,224.3022044,0.13,83.06,1406.58,13090.84,0.729959918,6105.48893
"225",615.1813973,222.3005134,0.14,81.8,1440.67,13437.13,0.733217154,6332.552332
"226",565.5254818,215.4269705,0.16,81.32,1412.16,13096.46,0.732931988,6537.205574
"227",533.028608,212.7103628,0.16,81.48,1416.18,13025.58,0.729459292,6372.665312
"228",534.7907746,211.7843022,0.16,80.5,1426.19,13104.14,0.727494812,6201.119289
"229",526.047305,220.0256438,0.14,80.7,1498.11,13860.58,0.729646235,6318.28299
"230",536.3758301,226.4456024,0.15,81.38,1514.68,14054.49,0.735622059,6270.615599
"231",536.0813971,219.796472,0.14,82.27,1569.19,14578.54,0.737545349,6490.035375
"232",517.7897151,211.1856726,0.15,81.79,1597.57,14839.8,0.736778568,6414.433612
"233",542.1992231,213.0795144,0.11,82.38,1630.74,15115.57,0.738090334,6358.986201
"234",560.1577065,211.8936102,0.09,83.06,1606.28,14909.6,0.739861536,6405.515485
"235",548.3496175,225.0325328,0.09,83.52,1685.73,15499.54,0.740153039,6418.226674
"236",498.0483272,228.906543,0.08,83.26,1632.97,14810.31,0.741043393,6261.832524
"237",503.2371222,229.5492472,0.08,82.86,1681.55,15129.67,0.74190523,6486.949722
"238",472.8275169,220.6170151,0.09,81.7,1756.54,15545.75,0.739994614,6826.016593
"239",476.6622412,215.6757889,0.08,82.11,1805.81,16086.41,0.738483231,6632.449626
"240",488.6693388,220.645323,0.09,82.06,1848.36,16576.66,0.73841986,6480.47196
"241",476.1021185,213.8825155,0.07,82.96,1782.59,15698.85,0.741166965,6487.458179
"242",496.7989975,218.9714484,0.07,83.04,1859.45,16321.71,0.743907733,6412.001963
"243",522.0011238,216.4772406,0.08,83.33,1872.34,16457.66,0.748698531,6774.076273
"244",547.1880553,217.9291091,0.09,83.17,1883.95,16580.84,0.751166807,6707.573974
"245",546.0332533,219.6634649,0.09,83.1,1923.57,16717.17,0.753790339,6706.939186
"246",528.0025948,226.2986416,0.1,83.38,1960.23,16826.6,0.755193992,6661.226903
"247",463.2336715,219.9033902,0.09,83.14,1930.67,16563.3,0.75489932,6828.738775
"248",432.9851363,210.8324646,0.09,83.61,2003.37,17098.45,0.75363825,6296.038207
"249",368.8498828,205.4575449,0.09,84.63,1972.29,17042.9,0.754205415,6650.809651
"250",354.4409131,186.2306681,0.09,85.4,2018.05,17390.52,0.752310641,6708.698962
"251",379.3448596,168.6820018,0.09,86.34,2067.56,17828.24,0.748248602,6328.496889
"252",378.7816174,133.6740044,0.12,87.77,2058.9,17823.07,0.744005957,6249.778543
"253",367.4921156,107.7657994,0.11,89.45,1994.99,17164.95,0.740504745,5802.166162
"254",364.7392389,125.1350664,0.11,90.55,2104.5,18132.7,0.74372079,5803.192956
"255",359.5955604,122.6533885,0.11,92.44,2067.89,17776.12,0.748147209,5876.84537
"256",356.9256773,133.6296019,0.12,91.93,2085.51,17840.52,0.749668098,5797.160223
"257",351.9495305,143.1878541,0.12,91.52,2107.39,18010.68,0.75348933,5827.671458
"258",354.8230548,140.519452,0.13,92.4,2063.11,17619.51,0.756128705,6071.990496
"259",372.3472945,125.8699583,0.13,93.87,2103.84,17689.86,0.756179401,5940.674349
"260",347.0223753,105.7881932,0.14,95.19,1972.18,16528.03,0.755108443,5491.865217
"261",323.554524,105.6185547,0.14,95.55,1920.03,16284.7,0.753932922,5906.585454
"262",327.4197704,107.380755,0.12,94.62,2079.36,17663.54,0.753593891,5980.037623
"263",319.0822908,100.0979205,0.12,95.95,2080.41,17719.92,0.752003295,5660.979464
"264",323.3153321,84.9695838,0.24,96.42,2043.94,17425.03,0.749433627,5629.030083
"265",323.2043538,70.63716803,0.34,98.74,1940.24,16466.3,0.750672518,5266.297829
"266",320.1294863,72.03260444,0.38,97.36,1932.23,16516.5,0.751290379,5502.830982
"267",326.9354216,86.76142521,0.36,95.73,2059.74,17685.09,0.754525435,5781.220773
"268",353.8024628,93.9489081,0.37,94.5,2065.3,17773.64,0.758102692,5793.352711
"269",388.5121365,105.3769867,0.37,95.82,2096.95,17787.2,0.761169817,7780.262676
"270",421.2289417,110.2494047,0.38,96.44,2098.86,17929.99,0.763669777,8072.319496
"271",390.4018125,103.1033961,0.39,96.85,2173.6,18432.24,0.762434055,7689.072135
"272",370.3165878,103.874959,0.4,95.99,2170.95,18400.88,0.763134298,7755.888612
"273",355.9021028,104.2386623,0.4,96.61,2168.27,18308.15,0.764968869,8078.41711
"274",358.3866768,116.3773129,0.4,97.39,2126.15,18142.42,0.765922593,7956.05345
"275",368.3730895,106.8508035,0.41,99.66,2198.81,19123.58,0.76473123,8093.474235
"276",375.2887788,126.548369,0.54,101.16,2238.83,19762.6,0.764981543,8008.135768
"277",379.5899788,128.2451746,0.65,101.35,2278.87,19864.09,0.769439648,7808.322752
"278",380.872624,129.477839,0.66,99.84,2363.64,20812.24,0.771860395,7853.244705
"279",366.0950562,120.9903775,0.79,99.29,2362.72,20663.22,0.772487762,8653.65866
"280",347.8613104,124.1066352,0.9,98.55,2384.2,20940.51,0.7747786,8061.603872
"281",350.1799873,116.9383271,0.91,98.14,2411.8,21008.65,0.77544082,8558.899543
"282",339.7289099,107.7615582,1.04,96.85,2423.41,21349.63,0.776144231,8623.425336
"283",365.4528402,110.238652,1.15,95.47,2470.3,21891.12,0.775608751,8471.802831
"284",345.4107494,114.0323512,1.16,94.27,2471.65,21948.1,0.777931275,8625.526157
"285",353.8602029,120.0681619,1.15,93.58,2519.36,22405.09,0.782050348,9038.037941
"286",358.2761275,125.2771799,1.15,95.04,2575.26,23377.24,0.781556059,8937.885469
"287",361.4092835,137.0125384,1.16,95.02,2647.58,24272.35,0.78157507,9287.73279
"288",357.153357,138.7620076,1.3,94.38,2673.61,24719.22,0.781115635,9159.272614
"289",356.868812,147.7911309,1.41,92.7,2823.81,26149.39,0.785370954,9231.839511
"290",371.2322374,140.5965857,1.42,91.69,2713.83,25029.2,0.788932368,9212.543393
"291",381.8938963,142.7281804,1.51,92.18,2640.87,24103.11,0.790716243,9684.667769
"292",381.2683785,152.7552512,1.69,92.43,2648.05,24163.15,0.793859413,9438.666036
"293",374.8483713,166.1165736,1.7,95.3,2705.27,24415.84,0.797161008,9425.591067
"294",339.9579615,164.3600874,1.82,96.91,2718.37,24271.41,0.798431584,9551.084118
"295",312.5620338,166.975385,1.91,97.16,2816.29,25415.19,0.798485449,9345.672633
"296",316.6588042,164.5896388,1.91,97.63,2901.52,25964.82,0.798929041,9130.869126
"297",306.4327886,173.0888468,1.95,97.62,2913.98,26458.31,0.799857417,9372.148315
"298",315.8520403,177.3627385,2.19,98.16,2711.74,25115.76,0.801270576,9719.915552
"299",322.2816173,144.7594565,2.2,99.04,2760.17,25538.46,0.798586841,9449.468259
"300",330.4820237,125.6568357,2.27,98.55,2506.85,23327.46,0.796036184,8934.943634
"301",333.7771463,130.9045382,2.4,97.4,2704.1,24999.67,0.797553904,9091.467053
"302",334.5030415,141.5955694,2.4,97.11,2784.49,25916,0.800925207,8853.453923
"303",329.2366748,147.9153316,2.41,97.69,2834.4,25928.68,0.805443513,9477.807576
"304",324.254404,159.3214124,2.42,98.02,2945.83,26592.91,0.809708338,9110.414295
"305",305.3109191,154.8963965,2.39,99.12,2752.06,24815.04,0.811432012,9353.664956
"306",326.6147493,138.2090136,2.38,98.76,2941.76,26599.96,0.811593606,9063.990849
"307",325.469849,143.127515,2.4,98.38,2980.38,26864.27,0.812949731,9279.071626
"308",314.6262821,134.9584686,2.13,99.98,2926.46,26403.28,0.812908541,8778.792976
"309",322.4535253,141.0232387,2.04,100.11,2976.74,26916.83,0.813545413,9060.42388
"310",339.8712372,134.6674388,1.83,99.42,3037.56,27046.23,0.815405333,9402.517922
"311",332.9576305,140.6672932,1.55,98.89,3140.98,28051.41,0.814968077,9094.667582
"312",334.9494453,147.364723,1.55,98.12,3230.78,28538.44,0.814226644,8989.683249
"313",337.079705,143.4499474,1.55,97.65,3225.52,28256.03,0.817385656,8905.910492
"314",325.4283146,125.43872,1.58,98.76,2954.22,25409.36,0.819625798,8387.388368
"315",319.3361564,75.56958697,0.65,102.42,2584.59,21917.16,0.817841923,8433.329939
"316",309.994349,55.0040631,0.05,104.41,2912.43,24345.72,0.812373061,6463.248975
"317",309.3314314,73.71608053,0.05,103.91,3044.31,25383.11,0.812388904,6751.450009
"318",318.6430366,92.58939596,0.08,101.77,3100.29,25812.88,0.816834334,7841.01418
"319",328.935448,97.37936017,0.09,101.24,3271.12,26428.32,0.820966081,8480.328421
"320",332.1411768,99.66420928,0.1,99.94,3500.31,28430.05,0.82355476,8346.608117
"321",366.824605,93.24601207,0.09,99.25,3363,27781.7,0.824701763,9089.806403
"322",387.5750529,92.29999538,0.09,98.56,3269.96,26501.6,0.825043963,9349.682929
"323",419.5854962,97.15058039,0.09,97.02,3621.63,29638.64,0.824540169,9484.575319
"324",443.655125,109.6039234,0.09,95.06,3756.07,30606.48,0.825316456,9693.810043
"325",504.3121172,120.0973385,0.09,94.62,3714.24,29982.62,0.828827173,9421.854338
"326",507.8172728,136.0286372,0.08,94.99,3811.15,30932.37,0.83336449,9504.235242
"327",519.8794223,144.2839848,0.07,96.76,3972.89,32981.55,0.839267439,10464.02073
"328",537.4183667,142.4629902,0.07,96.82,4181.17,33874.85,0.846165302,10230.39276
"329",576.9679493,148.6543302,0.06,96.22,4204.11,34529.45,0.852949098,10298.28601
"330",537.3557354,161.3136993,0.08,97.19,4297.5,34502.51,0.86087356,10694.42904
"331",523.5714795,164.9091557,0.1,98.56,4395.26,34935.47,0.865014813,10522.87827
"332",504.0400556,156.0955275,0.09,98.78,4522.68,35360.73,0.866801857,10215.16329
"333",469.4401358,165.1513965,0.08,98.68,4307.54,33843.92,0.869156065,10657.70257
"334",452.0218723,187.026819,0.08,99.5,4605.38,35819.56,0.876377117,10963.86179
"335",454.5764343,182.0506768,0.08,100.31,4567,34483.72,0.880683132,11214.85743
"336",473.8100115,168.0791552,0.08,101.02,4766.18,36338.3,0.883389046,11201.61463
"337",514.4485437,193.1104479,0.08,100.89,4515.55,35131.86,0.890822389,10957.41756
"338",583.6930133,212.0701069,0.08,100.82,4373.94,33892.6,0.898959142,11052.99091
"339",617.1983069,254.4300282,0.2,102.44,4530.41,34678.35,0.910961487,11937.26278
"340",618.1383903,244.0395037,0.33,103.16,4131.93,32977.21,0.916046957,11389.23479
"341",617.1229678,263.1164005,0.77,106.18,4132.15,32990.12,0.926145023,11810.35651
"342",621.1981781,275.4260002,1.21,107.42,3785.38,30775.43,0.938866621,12049.11881
"343",571.0014723,250.0456391,1.68,109.2,4130.29,32845.13,0.938755723,11526.92424
"344",576.8241696,233.895075,2.33,108.69,3955,31510.43,0.938423029,11482.41163
"345",537.5519802,219.8236843,2.56,111.26,3585.62,28725.51,0.940441375,11679.02828
"346",507.5442275,227.6268519,3.08,112.99,3871.98,32732.95,0.94425627,11241.71845
"347",529.7481193,213.7142111,3.78,110.19,4080.11,34589.77,0.943302546,11544.63781
"348",541.8317861,189.2964272,4.1,107.44,3839.5,33147.25,0.940406521,11406.56789
"349",555.5062881,193.7734169,4.33,105.69,4076.6,34086.04,0.947925413,11233.23494
"350",561.2921682,193.6110373,4.57,106.2,3970.15,32656.7,0.953216838,11023.61311
"351",547.2255217,185.0869621,4.65,106.83,4109.31,33274.15,0.956372681,12048.42182
"352",546.874859,195.4628792,4.83,105.96,4169.48,34098.16,0.961211007,11061.78423
"353",508.3450956,177.500034,5.06,106.76,4179.83,32908.27,0.963631755,11363.38807
"354",526.2950466,176.7554603,5.08,107.25,4450.38,34407.6,0.966743239,11397.06862
"355",555.1141963,188.4459833,5.12,106.24,4588.96,35559.53,0.968587316,11090.92687
"356",510.1503296,203.1510721,5.33,107.71,4507.66,34721.91,0.972817287,11007.74112
"357",487.151474,223.5431492,5.33,109.13,4288.05,33507.5,0.975234866,11185.74059
"358",471.9310723,215.0444386,5.33,110.46,4193.8,33052.87,0.974860981,11249.07298
"359",494.3489047,196.2931163,5.33,108.43,4567.8,35950.89,0.9728965,11396.71233
"360",481.4868203,182.4589235,5.33,106.66,4769.83,37689.54,0.971930103,11068.60624
"361",452.6264697,187.0042822,5.33,107.43,4845.65,38150.3,0.977224695,11072.68661
"362",429.72632,195.526896,5.33,108.05,5096.27,38996.39,0.983273396,11029.46672
"363",433.5275433,203.9870489,5.33,108.39,5254.35,39807.37,0.989629442,11436.64651
"364",427.9221407,215.4037173,5.33,109.69,5035.69,37815.92,0.993482359,11355.44928
"365",447.4943333,200.774301,5.33,109.54,5277.51,38686.32,0.995133157,11331.72574
"366",430.9714503,200.5730736,5.33,111.03,5460.48,39118.86,0.99546902,11275.15646
"367",411.0821254,203.3153982,5.33,110.46,5522.3,40842.79,0.996625529,11428.71393
"368",361.8294103,188.5882307,5.33,109.32,5648.4,41563.08,0.997436669,11160.68228
"369",372.0955763,172.4969708,5.13,108.77,5762.48,42330.15,0.999036771,11489.32404
"370",368.4913844,179.2799492,4.83,110,5705.45,41763.46,1.000186943,11704.39835
"371",365.5167043,176.8099016,4.64,112.5,6032.38,44910.65,0.999645126,11383.27415
"372",361.2365006,177.5628868,4.48,113.43,5881.61,42544.22,1,11041.7114
