"","Mes","precio_t.1","precio","petroleo","int","tcambio","sp500","dji","IPC","Fert","C.W","S.W","P.W","X_mundial"
"1","1/1/2011",512.0524677,511.104867,193.3070873,0.17,80.91,1286.12,11891.93,0.697780453,162.5826433,255.49,58.28,255.53,5853.30716
"2","1/2/2011",498.7398132,512.0524677,200.974708,0.16,80.24,1327.22,12226.34,0.701221464,167.1720956,255.29,58.21,256.1,5988.780191
"3","1/3/2011",501.4688317,498.7398132,220.807182,0.14,79.88,1325.83,12319.73,0.708059125,171.4923147,256.61,58.33,258.4,6657.791279
"4","1/4/2011",498.7651078,501.4688317,233.93434,0.1,78.83,1363.61,12810.54,0.712618621,173.5264803,255.77,60.94,260.97,6451.081941
"5","1/5/2011",499.7727759,498.7651078,217.4428595,0.09,78.99,1345.2,12569.79,0.715970913,172.0953208,262.69,61.85,263.29,6577.300233
"6","1/6/2011",501.8270828,499.7727759,212.9653405,0.09,78.96,1320.64,12414.34,0.715204132,178.5884416,263.21,61.59,262.79,6563.818268
"7","1/7/2011",501.4237008,501.8270828,218.5548767,0.07,78.43,1292.28,12143.24,0.715837835,193.9653356,262.65,61.97,261.45,6552.478596
"8","1/8/2011",490.9089548,501.4237008,201.0947575,0.1,78.86,1218.89,11613.53,0.717811822,197.7051809,262.32,60.95,257.47,6496.895116
"9","1/9/2011",446.016027,490.9089548,205.5164963,0.08,80.98,1131.42,10913.38,0.718901792,196.1878659,262.24,62.55,258.99,6583.942794
"10","1/10/2011",428.8252245,446.016027,204.4863329,0.07,81.47,1253.3,11955.01,0.717418926,195.6702461,261.75,63.01,258.6,6450.933631
"11","1/11/2011",420.0461048,428.8252245,215.4017119,0.08,81.79,1246.96,12045.68,0.716813739,192.942182,261.03,63.56,258.91,6495.68591
"12","1/12/2011",441.7327614,420.0461048,215.6478914,0.07,82.1,1257.6,12217.56,0.715045706,179.2250878,260.09,64.54,259.22,6250.28139
"13","1/1/2012",461.5559876,441.7327614,223.2483857,0.08,81.82,1312.41,12632.91,0.718192044,170.3201045,259.3,63.43,257,6021.464483
"14","1/2/2012",496.2904752,461.5559876,233.8120361,0.1,80.5,1365.68,12952.07,0.721354224,163.6874533,258.05,60.28,251.47,6334.990209
"15","1/3/2012",529.4216015,496.2904752,245.7912876,0.13,81.22,1408.47,13212.04,0.726832591,169.0548222,254.9,57.3,245.07,6675.556932
"16","1/4/2012",520.9254559,529.4216015,236.9286207,0.14,81.56,1397.91,13213.63,0.729028374,198.4261214,253.2,55.52,240.15,6300.353922
"17","1/5/2012",522.3291925,520.9254559,218.9970475,0.16,83.02,1310.33,12393.45,0.728172874,204.9511032,265.14,58.07,271.42,6424.97877
"18","1/6/2012",609.4467555,522.3291925,192.8054479,0.16,84.19,1362.16,12880.09,0.727105084,174.3288758,264.95,58.54,271.03,6299.822415
"19","1/7/2012",622.9135498,609.4467555,206.8423247,0.16,83.64,1379.32,13008.68,0.725920058,179.4354047,263.15,55.66,267.16,6162.507436
"20","1/8/2012",615.1813973,622.9135498,224.3022044,0.13,83.06,1406.58,13090.84,0.729959918,189.0715481,256.92,53.38,260.46,6105.48893
"21","1/9/2012",565.5254818,615.1813973,222.3005134,0.14,81.8,1440.67,13437.13,0.733217154,189.348356,256.73,53.1,258.13,6332.552332
"22","1/10/2012",533.028608,565.5254818,215.4269705,0.16,81.32,1412.16,13096.46,0.732931988,184.0944697,258.76,57.56,264.28,6537.205574
"23","1/11/2012",534.7907746,533.028608,212.7103628,0.16,81.48,1416.18,13025.58,0.729459292,177.8526154,261.03,60.02,267.6,6372.665312
"24","1/12/2012",526.047305,534.7907746,211.7843022,0.16,80.5,1426.19,13104.14,0.727494812,174.6066854,261.25,59.93,267.72,6201.119289
"25","1/1/2013",536.3758301,526.047305,220.0256438,0.14,80.7,1498.11,13860.58,0.729646235,171.5678851,262.67,59.46,269.41,6318.28299
"26","1/2/2013",536.0813971,536.3758301,226.4456024,0.15,81.38,1514.68,14054.49,0.735622059,181.1029244,262.32,60.12,269.5,6270.615599
"27","1/3/2013",517.7897151,536.0813971,219.796472,0.14,82.27,1569.19,14578.54,0.737545349,183.5342265,260.87,60.21,268,6490.035375
"28","1/4/2013",542.1992231,517.7897151,211.1856726,0.15,81.79,1597.57,14839.8,0.736778568,181.2788977,259.75,62.63,269.63,6414.433612
"29","1/5/2013",560.1577065,542.1992231,213.0795144,0.11,82.38,1630.74,15115.57,0.738090334,167.5817431,270.18,74.96,285.5,6358.986201
"30","1/6/2013",548.3496175,560.1577065,211.8936102,0.09,83.06,1606.28,14909.6,0.739861536,154.1995444,270.15,73.69,285.3,6405.515485
"31","1/7/2013",498.0483272,548.3496175,225.0325328,0.09,83.52,1685.73,15499.54,0.740153039,147.7733609,270.53,74.12,285.89,6418.226674
"32","1/8/2013",503.2371222,498.0483272,228.906543,0.08,83.26,1632.97,14810.31,0.741043393,143.3810969,268.72,72.27,281.72,6261.832524
"33","1/9/2013",472.8275169,503.2371222,229.5492472,0.08,82.86,1681.55,15129.67,0.74190523,140.3805904,268.89,71.54,281.66,6486.949722
"34","1/10/2013",476.6622412,472.8275169,220.6170151,0.09,81.7,1756.54,15545.75,0.739994614,133.526677,268.89,71.54,281.66,6826.016593
"35","1/11/2013",488.6693388,476.6622412,215.6757889,0.08,82.11,1805.81,16086.41,0.738483231,129.9197263,270,70.23,283.54,6632.449626
"36","1/12/2013",476.1021185,488.6693388,220.645323,0.09,82.06,1848.36,16576.66,0.73841986,134.5539748,270.87,70.62,284.94,6480.47196
"37","1/1/2014",496.7989975,476.1021185,213.8825155,0.07,82.96,1782.59,15698.85,0.741166965,144.5556357,270.92,72.33,286.83,6487.458179
"38","1/2/2014",522.0011238,496.7989975,218.9714484,0.07,83.04,1859.45,16321.71,0.743907733,153.8084437,269.34,73.01,287.69,6412.001963
"39","1/3/2014",547.1880553,522.0011238,216.4772406,0.08,83.33,1872.34,16457.66,0.748698531,154.823379,269.7,70.64,285.43,6774.076273
"40","1/4/2014",546.0332533,547.1880553,217.9291091,0.09,83.17,1883.95,16580.84,0.751166807,149.7858266,269,69.42,284.05,6707.573974
"41","1/5/2014",528.0025948,546.0332533,219.6634649,0.09,83.1,1923.57,16717.17,0.753790339,146.1596444,280.58,82.23,299.82,6706.939186
"42","1/6/2014",463.2336715,528.0025948,226.2986416,0.1,83.38,1960.23,16826.6,0.755193992,139.7712147,280.63,82.88,299.99,6661.226903
"43","1/7/2014",432.9851363,463.2336715,219.9033902,0.09,83.14,1930.67,16563.3,0.75489932,135.9868082,283.31,85.31,304.79,6828.738775
"44","1/8/2014",368.8498828,432.9851363,210.8324646,0.09,83.61,2003.37,17098.45,0.75363825,136.6794642,283.4,85.62,304.69,6296.038207
"45","1/9/2014",354.4409131,368.8498828,205.4575449,0.09,84.63,1972.29,17042.9,0.754205415,137.3794098,284.98,90.17,311.13,6650.809651
"46","1/10/2014",379.3448596,354.4409131,186.2306681,0.09,85.4,2018.05,17390.52,0.752310641,134.2001942,284.33,90.67,311.2,6708.698962
"47","1/11/2014",378.7816174,379.3448596,168.6820018,0.09,86.34,2067.56,17828.24,0.748248602,134.6799625,285.82,90.28,312.06,6328.496889
"48","1/12/2014",367.4921156,378.7816174,133.6740044,0.12,87.77,2058.9,17823.07,0.744005957,140.3269296,286.07,89.87,312.81,6249.778543
"49","1/1/2015",364.7392389,367.4921156,107.7657994,0.11,89.45,1994.99,17164.95,0.740504745,144.4976877,286.25,90.78,314.37,5802.166162
"50","1/2/2015",359.5955604,364.7392389,125.1350664,0.11,90.55,2104.5,18132.7,0.74372079,144.1404449,288.53,89.26,315.06,5803.192956
"51","1/3/2015",356.9256773,359.5955604,122.6533885,0.11,92.44,2067.89,17776.12,0.748147209,141.9369367,288.5,89.53,315.06,5876.84537
"52","1/4/2015",351.9495305,356.9256773,133.6296019,0.12,91.93,2085.51,17840.52,0.749668098,136.7606753,288.92,89.55,315.46,5797.160223
"53","1/5/2015",354.8230548,351.9495305,143.1878541,0.12,91.52,2107.39,18010.68,0.75348933,133.7533692,304.28,96.22,317.3,5827.671458
"54","1/6/2015",372.3472945,354.8230548,140.519452,0.13,92.4,2063.11,17619.51,0.756128705,129.1774409,305.64,93.22,317.58,6071.990496
"55","1/7/2015",347.0223753,372.3472945,125.8699583,0.13,93.87,2103.84,17689.86,0.756179401,128.169291,306.23,91.8,318.92,5940.674349
"56","1/8/2015",323.554524,347.0223753,105.7881932,0.14,95.19,1972.18,16528.03,0.755108443,126.7780714,309.86,86.88,320.05,5491.865217
"57","1/9/2015",327.4197704,323.554524,105.6185547,0.14,95.55,1920.03,16284.7,0.753932922,124.594854,310.1,84.98,319.61,5906.585454
"58","1/10/2015",319.0822908,327.4197704,107.380755,0.12,94.62,2079.36,17663.54,0.753593891,121.6574245,310.47,85.14,320.49,5980.037623
"59","1/11/2015",323.3153321,319.0822908,100.0979205,0.12,95.95,2080.41,17719.92,0.752003295,115.9343913,312.33,82.86,321.02,5660.979464
"60","1/12/2015",323.2043538,323.3153321,84.9695838,0.24,96.42,2043.94,17425.03,0.749433627,109.5625181,312.32,82.58,320.11,5629.030083
"61","1/1/2016",320.1294863,323.2043538,70.63716803,0.34,98.74,1940.24,16466.3,0.750672518,104.4190015,314.04,79.28,319.01,5266.297829
"62","1/2/2016",326.9354216,320.1294863,72.03260444,0.38,97.36,1932.23,16516.5,0.751290379,102.2708263,314.52,80.42,320.51,5502.830982
"63","1/3/2016",353.8024628,326.9354216,86.76142521,0.36,95.73,2059.74,17685.09,0.754525435,111.5424331,315.75,78.87,320.21,5781.220773
"64","1/4/2016",388.5121365,353.8024628,93.9489081,0.37,94.5,2065.3,17773.64,0.758102692,113.421544,316.35,79.02,320.15,5793.352711
"65","1/5/2016",421.2289417,388.5121365,105.3769867,0.37,95.82,2096.95,17787.2,0.761169817,112.1184524,327.96,68.21,324.2,7780.262676
"66","1/6/2016",390.4018125,421.2289417,110.2494047,0.38,96.44,2098.86,17929.99,0.763669777,105.1219891,327.99,66.31,323.7,8072.319496
"67","1/7/2016",370.3165878,390.4018125,103.1033961,0.39,96.85,2173.6,18432.24,0.762434055,92.37771256,328.78,67.1,325.95,7689.072135
"68","1/8/2016",355.9021028,370.3165878,103.874959,0.4,95.99,2170.95,18400.88,0.763134298,91.95994818,329.82,71.24,330.41,7755.888612
"69","1/9/2016",358.3866768,355.9021028,104.2386623,0.4,96.61,2168.27,18308.15,0.764968869,91.5469088,328.67,72.17,330.43,8078.41711
"70","1/10/2016",368.3730895,358.3866768,116.3773129,0.4,97.39,2126.15,18142.42,0.765922593,89.71012075,328.75,77.36,333.22,7956.05345
"71","1/11/2016",375.2887788,368.3730895,106.8508035,0.41,99.66,2198.81,19123.58,0.76473123,91.06413244,328.69,81.53,336.09,8093.474235
"72","1/12/2016",379.5899788,375.2887788,126.548369,0.54,101.16,2238.83,19762.6,0.764981543,94.44693079,330.09,82.85,338,8008.135768
"73","1/1/2017",380.872624,379.5899788,128.2451746,0.65,101.35,2278.87,19864.09,0.769439648,100.4469112,330.34,82.32,337.85,7808.322752
"74","1/2/2017",366.0950562,380.872624,129.477839,0.66,99.84,2363.64,20812.24,0.771860395,107.6552713,330.75,80.38,336.62,7853.244705
"75","1/3/2017",347.8613104,366.0950562,120.9903775,0.79,99.29,2362.72,20663.22,0.772487762,105.7395244,331.7,82.82,340.79,8653.65866
"76","1/4/2017",350.1799873,347.8613104,124.1066352,0.9,98.55,2384.2,20940.51,0.7747786,101.895481,332.42,87.41,345.97,8061.603872
"77","1/5/2017",339.7289099,350.1799873,116.9383271,0.91,98.14,2411.8,21008.65,0.77544082,99.18760518,344.21,88.81,344.68,8558.899543
"78","1/6/2017",365.4528402,339.7289099,107.7615582,1.04,96.85,2423.41,21349.63,0.776144231,92.54749091,344.21,92.22,344.67,8623.425336
"79","1/7/2017",345.4107494,365.4528402,110.238652,1.15,95.47,2470.3,21891.12,0.775608751,88.40291055,345.27,93.53,345.09,8471.802831
"80","1/8/2017",353.8602029,345.4107494,114.0323512,1.16,94.27,2471.65,21948.1,0.777931275,88.14358465,343.32,97.78,347.36,8625.526157
"81","1/9/2017",358.2761275,353.8602029,120.0681619,1.15,93.58,2519.36,22405.09,0.782050348,88.58901946,344.3,97.53,348.44,9038.037941
"82","1/10/2017",361.4092835,358.2761275,125.2771799,1.15,95.04,2575.26,23377.24,0.781556059,94.09897117,344.37,96.05,347.88,8937.885469
"83","1/11/2017",357.153357,361.4092835,137.0125384,1.16,95.02,2647.58,24272.35,0.78157507,100.7079007,344.96,97.9,348.89,9287.73279
"84","1/12/2017",356.868812,357.153357,138.7620076,1.3,94.38,2673.61,24719.22,0.781115635,102.7207499,344.72,98.32,348.47,9159.272614
"85","1/1/2018",371.2322374,356.868812,147.7911309,1.41,92.7,2823.81,26149.39,0.785370954,105.9510068,344.47,98.57,348.57,9231.839511
"86","1/2/2018",381.8938963,371.2322374,140.5965857,1.42,91.69,2713.83,25029.2,0.788932368,107.0102232,343.2,98.14,346.92,9212.543393
"87","1/3/2018",381.2683785,381.8938963,142.7281804,1.51,92.18,2640.87,24103.11,0.790716243,110.4780475,343.78,94.4,340.86,9684.667769
"88","1/4/2018",374.8483713,381.2683785,152.7552512,1.69,92.43,2648.05,24163.15,0.793859413,109.9561099,342.03,90.8,334.81,9438.666036
"89","1/5/2018",339.9579615,374.8483713,166.1165736,1.7,95.3,2705.27,24415.84,0.797161008,107.238221,357.72,86.7,354.54,9425.591067
"90","1/6/2018",312.5620338,339.9579615,164.3600874,1.82,96.91,2718.37,24271.41,0.798431584,108.0760863,357.7,87.02,355.24,9551.084118
"91","1/7/2018",316.6588042,312.5620338,166.975385,1.91,97.16,2816.29,25415.19,0.798485449,103.731646,354.29,98.27,359.49,9345.672633
"92","1/8/2018",306.4327886,316.6588042,164.5896388,1.91,97.63,2901.52,25964.82,0.798929041,107.6021896,353.64,105.94,367.1,9130.869126
"93","1/9/2018",315.8520403,306.4327886,173.0888468,1.95,97.62,2913.98,26458.31,0.799857417,116.6209971,353.01,108.26,369.32,9372.148315
"94","1/10/2018",322.2816173,315.8520403,177.3627385,2.19,98.16,2711.74,25115.76,0.801270576,123.345679,353.01,110.04,369.48,9719.915552
"95","1/11/2018",330.4820237,322.2816173,144.7594565,2.2,99.04,2760.17,25538.46,0.798586841,125.2904522,351.94,112.08,367.5,9449.468259
"96","1/12/2018",333.7771463,330.4820237,125.6568357,2.27,98.55,2506.85,23327.46,0.796036184,122.8819602,351.53,115.33,369.2,8934.943634
"97","1/1/2019",334.5030415,333.7771463,130.9045382,2.4,97.4,2704.1,24999.67,0.797553904,117.6261713,351.53,115.33,369.2,9091.467053
"98","1/2/2019",329.2366748,334.5030415,141.5955694,2.4,97.11,2784.49,25916,0.800925207,109.7638824,349.44,106.72,360.99,8853.453923
"99","1/3/2019",324.254404,329.2366748,147.9153316,2.41,97.69,2834.4,25928.68,0.805443513,107.0833362,348.49,107.17,360.08,9477.807576
"100","1/4/2019",305.3109191,324.254404,159.3214124,2.42,98.02,2945.83,26592.91,0.809708338,107.4358032,349.11,107.36,360.58,9110.414295
"101","1/5/2019",326.6147493,305.3109191,154.8963965,2.39,99.12,2752.06,24815.04,0.811432012,109.0492139,355.42,113.09,355.66,9353.664956
"102","1/6/2019",325.469849,326.6147493,138.2090136,2.38,98.76,2941.76,26599.96,0.811593606,109.9661574,355.31,112.66,355.39,9063.990849
"103","1/7/2019",314.6262821,325.469849,143.127515,2.4,98.38,2980.38,26864.27,0.812949731,104.6978323,355.06,104.53,347.04,9279.071626
"104","1/8/2019",322.4535253,314.6262821,134.9584686,2.13,99.98,2926.46,26403.28,0.812908541,101.0872821,354.32,101.74,341.83,8778.792976
"105","1/9/2019",339.8712372,322.4535253,141.0232387,2.04,100.11,2976.74,26916.83,0.813545413,102.0715563,353.41,99.19,341.39,9060.42388
"106","1/10/2019",332.9576305,339.8712372,134.6674388,1.83,99.42,3037.56,27046.23,0.815405333,101.079046,352.34,95.21,338.97,9402.517922
"107","1/11/2019",334.9494453,332.9576305,140.6672932,1.55,98.89,3140.98,28051.41,0.814968077,96.01580755,349.6,95.42,336.56,9094.667582
"108","1/12/2019",337.079705,334.9494453,147.364723,1.55,98.12,3230.78,28538.44,0.814226644,92.46220282,349.67,96.4,337.48,8989.683249
"109","1/1/2020",325.4283146,337.079705,143.4499474,1.55,97.65,3225.52,28256.03,0.817385656,89.9002095,350.11,96.67,337.7,8905.910492
"110","1/2/2020",319.3361564,325.4283146,125.43872,1.58,98.76,2954.22,25409.36,0.819625798,88.84524581,351.06,98.86,339.4,8387.388368
"111","1/3/2020",309.994349,319.3361564,75.56958697,0.65,102.42,2584.59,21917.16,0.817841923,90.69721835,350.07,102.44,341.76,8433.329939
"112","1/4/2020",309.3314314,309.994349,55.0040631,0.05,104.41,2912.43,24345.72,0.812373061,97.51431832,348.41,100.45,338.08,6463.248975
"113","1/5/2020",318.6430366,309.3314314,73.71608053,0.05,103.91,3044.31,25383.11,0.812388904,93.63320328,360.73,98.39,362.76,6751.450009
"114","1/6/2020",328.935448,318.6430366,92.58939596,0.08,101.77,3100.29,25812.88,0.816834334,91.21266288,361.74,96.34,362.85,7841.01418
"115","1/7/2020",332.1411768,328.935448,97.37936017,0.09,101.24,3271.12,26428.32,0.820966081,89.49064358,363.56,95.08,362.52,8480.328421
"116","1/8/2020",366.824605,332.1411768,99.66420928,0.1,99.94,3500.31,28430.05,0.82355476,92.11224694,367.9,95.36,370.4,8346.608117
"117","1/9/2020",387.5750529,366.824605,93.24601207,0.09,99.25,3363,27781.7,0.824701763,91.50747719,369.07,93.59,369.74,9089.806403
"118","1/10/2020",419.5854962,387.5750529,92.29999538,0.09,98.56,3269.96,26501.6,0.825043963,90.83973974,370.59,88.7,368.47,9349.682929
"119","1/11/2020",443.655125,419.5854962,97.15058039,0.09,97.02,3621.63,29638.64,0.824540169,89.62717133,369.03,86.52,362.64,9484.575319
"120","1/12/2020",504.3121172,443.655125,109.6039234,0.09,95.06,3756.07,30606.48,0.825316456,93.05370242,369.72,85.64,362.05,9693.810043
"121","1/1/2021",507.8172728,504.3121172,120.0973385,0.09,94.62,3714.24,29982.62,0.828827173,106.0345109,369.82,84.31,361,9421.854338
"122","1/2/2021",519.8794223,507.8172728,136.0286372,0.08,94.99,3811.15,30932.37,0.83336449,132.0547395,369.84,83.36,361.08,9504.235242
"123","1/3/2021",537.4183667,519.8794223,144.2839848,0.07,96.76,3972.89,32981.55,0.839267439,151.3852601,371.31,83.74,361.82,10464.02073
"124","1/4/2021",576.9679493,537.4183667,142.4629902,0.07,96.82,4181.17,33874.85,0.846165302,158.9673399,369.55,86.87,363.19,10230.39276
"125","1/5/2021",537.3557354,576.9679493,148.6543302,0.06,96.22,4204.11,34529.45,0.852949098,161.7697467,380.78,91.1,385.53,10298.28601
"126","1/6/2021",523.5714795,537.3557354,161.3136993,0.08,97.19,4297.5,34502.51,0.86087356,175.998705,380.78,92.55,385.52,10694.42904
"127","1/7/2021",504.0400556,523.5714795,164.9091557,0.1,98.56,4395.26,34935.47,0.865014813,170.8660554,381.09,94.49,385.22,10522.87827
"128","1/8/2021",469.4401358,504.0400556,156.0955275,0.09,98.78,4522.68,35360.73,0.866801857,170.3450751,378.59,96.15,383.63,10215.16329
"129","1/9/2021",452.0218723,469.4401358,165.1513965,0.08,98.68,4307.54,33843.92,0.869156065,178.1469718,378.37,98.89,384.42,10657.70257
"130","1/10/2021",454.5764343,452.0218723,187.026819,0.08,99.5,4605.38,35819.56,0.876377117,223.0365693,378.03,103.78,384.01,10963.86179
"131","1/11/2021",473.8100115,454.5764343,182.0506768,0.08,100.31,4567,34483.72,0.880683132,263.0327702,377.27,104.57,385.14,11214.85743
"132","1/12/2021",514.4485437,473.8100115,168.0791552,0.08,101.02,4766.18,36338.3,0.883389046,267.5945309,377.03,102,381.78,11201.61463
"133","1/1/2022",583.6930133,514.4485437,193.1104479,0.08,100.89,4515.55,35131.86,0.890822389,294.9776339,374.93,95.2,372.56,10957.41756
"134","1/2/2022",617.1983069,583.6930133,212.0701069,0.08,100.82,4373.94,33892.6,0.898959142,299.1011167,369.17,92.83,363.86,11052.99091
"135","1/3/2022",618.1383903,617.1983069,254.4300282,0.2,102.44,4530.41,34678.35,0.910961487,331.2218458,363.68,89.96,353.8,11937.26278
"136","1/4/2022",617.1229678,618.1383903,244.0395037,0.33,103.16,4131.93,32977.21,0.916046957,348.9507627,361.88,89.58,350.72,11389.23479
"137","1/5/2022",621.1981781,617.1229678,263.1164005,0.77,106.18,4132.15,32990.12,0.926145023,347.8245776,377.44,99.6,394.69,11810.35651
"138","1/6/2022",571.0014723,621.1981781,275.4260002,1.21,107.42,3785.38,30775.43,0.938866621,320.1204219,377.86,100.46,395.37,12049.11881
"139","1/7/2022",576.8241696,571.0014723,250.0456391,1.68,109.2,4130.29,32845.13,0.938755723,286.3555234,377.75,99.61,391.4,11526.92424
"140","1/8/2022",537.5519802,576.8241696,233.895075,2.33,108.69,3955,31510.43,0.938423029,265.5190707,378.25,101.41,392.79,11482.41163
"141","1/9/2022",507.5442275,537.5519802,219.8236843,2.56,111.26,3585.62,28725.51,0.940441375,283.9202878,377.68,98.92,389.77,11679.02828
"142","1/10/2022",529.7481193,507.5442275,227.6268519,3.08,112.99,3871.98,32732.95,0.94425627,301.3592729,380.24,100.52,390.99,11241.71845
"143","1/11/2022",541.8317861,529.7481193,213.7142111,3.78,110.19,4080.11,34589.77,0.943302546,340.1061384,380.17,102.17,390.53,11544.63781
"144","1/12/2022",555.5062881,541.8317861,189.2964272,4.1,107.44,3839.5,33147.25,0.940406521,328.8403556,380.88,102.71,391.17,11406.56789
"145","1/1/2023",561.2921682,555.5062881,193.7734169,4.33,105.69,4076.6,34086.04,0.947925413,318.9372054,379.49,103.52,388.01,11233.23494
"146","1/2/2023",547.2255217,561.2921682,193.6110373,4.57,106.2,3970.15,32656.7,0.953216838,253.0884218,376.41,102.03,383.01,11023.61311
"147","1/3/2023",546.874859,547.2255217,185.0869621,4.65,106.83,4109.31,33274.15,0.956372681,224.8796469,371.13,100.01,375.15,12048.42182
"148","1/4/2023",508.3450956,546.874859,195.4628792,4.83,105.96,4169.48,34098.16,0.961211007,214.2354989,365.83,100.29,369.64,11061.78423
"149","1/5/2023",526.2950466,508.3450956,177.500034,5.06,106.76,4179.83,32908.27,0.963631755,204.4916002,386.49,122.5,410.59,11363.38807
"150","1/6/2023",555.1141963,526.2950466,176.7554603,5.08,107.25,4450.38,34407.6,0.966743239,178.7171696,386.09,123.34,410.7,11397.06862
"151","1/7/2023",510.1503296,555.1141963,188.4459833,5.12,106.24,4588.96,35559.53,0.968587316,168.5765943,384.51,120.98,405.31,11090.92687
"152","1/8/2023",487.151474,510.1503296,203.1510721,5.33,107.71,4507.66,34721.91,0.972817287,177.3264865,383.94,119.4,402.79,11007.74112
"153","1/9/2023",471.9310723,487.151474,223.5431492,5.33,109.13,4288.05,33507.5,0.975234866,173.1994309,382.62,119.25,401.33,11185.74059
"154","1/10/2023",494.3489047,471.9310723,215.0444386,5.33,110.46,4193.8,33052.87,0.974860981,178.0947988,383.28,115.62,399.5,11249.07298
"155","1/11/2023",481.4868203,494.3489047,196.2931163,5.33,108.43,4567.8,35950.89,0.9728965,178.2274132,383.68,114.51,400.42,11396.71233
"156","1/12/2023",452.6264697,481.4868203,182.4589235,5.33,106.66,4769.83,37689.54,0.971930103,173.2427837,383.96,114.21,398.88,11068.60624
"157","1/1/2024",429.72632,452.6264697,187.0042822,5.33,107.43,4845.65,38150.3,0.977224695,167.537877,383.66,114.6,398.98,11072.68661
"158","1/2/2024",433.5275433,429.72632,195.526896,5.33,108.05,5096.27,38996.39,0.983273396,171.7290037,383.03,116.03,398.21,11029.46672
"159","1/3/2024",427.9221407,433.5275433,203.9870489,5.33,108.39,5254.35,39807.37,0.989629442,172.4225306,381.9,114.27,396.85,11436.64651
"160","1/4/2024",447.4943333,427.9221407,215.4037173,5.33,109.69,5035.69,37815.92,0.993482359,165.3505649,381.08,114.22,396.73,11355.44928
"161","1/5/2024",430.9714503,447.4943333,200.774301,5.33,109.54,5277.51,38686.32,0.995133157,161.5119267,401.74,128.5,422.26,11331.72574
"162","1/6/2024",411.0821254,430.9714503,200.5730736,5.33,111.03,5460.48,39118.86,0.99546902,163.4466678,401.63,127.9,422.26,11275.15646
"163","1/7/2024",361.8294103,411.0821254,203.3153982,5.33,110.46,5522.3,40842.79,0.996625529,166.151964,401.54,127.76,421.85,11428.71393
"164","1/8/2024",372.0955763,361.8294103,188.5882307,5.33,109.32,5648.4,41563.08,0.997436669,167.3727625,402.84,134.3,428.73,11160.68228
"165","1/9/2024",368.4913844,372.0955763,172.4969708,5.13,108.77,5762.48,42330.15,0.999036771,152.897639,402.98,134.58,429.2,11489.32404
"166","1/10/2024",365.5167043,368.4913844,179.2799492,4.83,110,5705.45,41763.46,1.000186943,148.9334642,402.72,134.65,428.92,11704.39835
"167","1/11/2024",361.2365006,365.5167043,176.8099016,4.64,112.5,6032.38,44910.65,0.999645126,147.9766524,402.28,131.74,425.4,11383.27415
